iid	sid	time	duration	azimuth	species
0	0	107.7	2.0999999999999943	-9.99735865418825	8
