iid	sid	time	duration	azimuth	species
0	0	85.3	2.700000000000003	124.99952996711295	15
1	1	87.5	2.0999999999999943	124.99952996711295	15
2	2	101.9	2.0999999999999943	-9.99735865418825	8
3	3	125.1	2.3000000000000114	19.998770869544416	9
