iid	sid	time	duration	azimuth	species
0	0	25.9	2.900000000000002	-145.00047003288702	1
1	1	27.5	2.6999999999999993	-145.00047003288702	1
2	2	40.1	4.899999999999999	-55.000470032887044	6
3	3	55.3	4.900000000000006	-14.999328942043046	8
4	4	70.1	5.1000000000000085	30.000727780827372	10
5	5	84.9	4.8999999999999915	120.00072778082736	15
6	6	100.1	3.3000000000000114	174.99750039428926	17
7	7	102.3	2.700000000000003	-9.99735865418825	8
8	8	126.7	2.499999999999986	19.998770869544416	9
