iid	sid	time	duration	azimuth	species
0	0	4.7	2.0999999999999996	-145.00047003288702	1
1	1	5.7	2.7	-149.99927221917267	1
