Time	Sep	R	Theta	Phi
9800	0	0.9999839998719979	0.0	-0.17448682501833415
9820	0	0.9999839998719979	0.0	-0.17448682501833415
9840	0	0.9999839998719979	0.0	-0.17448682501833415
9860	0	0.9999839998719979	0.0	-0.17448682501833415
9880	0	0.9999839998719979	0.0	-0.17448682501833415
