iid	sid	time	duration	azimuth	species
0	0	97.5	2.299999999999997	-9.99735865418825	8
