iid	sid	time	duration	azimuth	species
0	0	30.3	3.099999999999998	-145.00047003288702	1
1	1	32.1	2.8999999999999986	-145.00047003288702	1
2	2	45.1	5.100000000000001	-59.999272219172624	6
3	3	60.5	4.900000000000006	-14.999328942043046	8
4	4	75.3	4.900000000000006	24.99924025740066	10
5	5	89.9	5.099999999999994	120.00072778082736	15
6	6	105.3	3.1000000000000085	174.99750039428926	17
7	7	107.5	2.5	-9.99735865418825	8
8	8	131.7	2.700000000000017	14.999328942043046	9
